{
    "$schema": "https://schema.management.azure.com/schemas/2015-01-01/deploymentParameters.json#",
    "contentVersion": "1.0.0.0",
    "parameters": {
        "location": {
            "value": "switzerlandwest"
        },
        "networkInterfaceName": {
            "value": "ch2109"
        },
        "enableAcceleratedNetworking": {
            "value": true
        },
        "subnetName": {
            "value": "pc75-backup-sbn"
        },
        "virtualNetworkId": {
            "value": "/subscriptions/483641dd-ebd9-4438-987a-e30facdfcd1d/resourceGroups/dc75-network-rg/providers/Microsoft.Network/virtualNetworks/dc75-app-vnet"
        },
        "publicIpAddressName": {
            "value": "Ch2-ip"
        },
        "publicIpAddressType": {
            "value": "Static"
        },
        "publicIpAddressSku": {
            "value": "Standard"
        },
        "pipDeleteOption": {
            "value": "Detach"
        },
        "virtualMachineName": {
            "value": "Ch2"
        },
        "virtualMachineComputerName": {
            "value": "Ch2"
        },
        "virtualMachineRG": {
            "value": "dc75-network-rg"
        },
        "osDiskType": {
            "value": "Premium_LRS"
        },
        "osDiskDeleteOption": {
            "value": "Delete"
        },
        "virtualMachineSize": {
            "value": "Standard_D2s_v3"
        },
        "nicDeleteOption": {
            "value": "Detach"
        },
        "adminUsername": {
            "value": "azureuser"
        }
    }
}